<?xml version="1.0" encoding="UTF-8"?>

<ROWSET>
<ROW>
<DEPT_NAME>Клинико-диагностическая лаборатория</DEPT_NAME>
<REGISTER_YEAR>2013</REGISTER_YEAR>
<REGISTER_MONTH>Январь</REGISTER_MONTH>
<SPEC>
<SPEC_ROW>
<EMP_NAME>Годунова Лариса Алексеевна</EMP_NAME>
<EMP_POST_NAME>Врач клинической лабораторной диагностики</EMP_POST_NAME>
<WORK_OFF>16</WORK_OFF>
</SPEC_ROW>
<SPEC_ROW>
<EMP_NAME>Жарова Лариса Михайловна</EMP_NAME>
<EMP_POST_NAME>Старшая медицинская сестра</EMP_POST_NAME>
<WORK_OFF>17</WORK_OFF>
</SPEC_ROW>
<SPEC_ROW>
<EMP_NAME>Кемяшова Елена Николаевна</EMP_NAME>
<EMP_POST_NAME>Фельдшер-лаборант</EMP_POST_NAME>
<WORK_OFF>17</WORK_OFF>
</SPEC_ROW>
<SPEC_ROW>
<EMP_NAME>Васильева Галина Ивановна</EMP_NAME>
<EMP_POST_NAME>Медицинский регистратор</EMP_POST_NAME>
<WORK_OFF>7</WORK_OFF>
</SPEC_ROW>
<SPEC_ROW>
<EMP_NAME>Шохина Татьяна Александровна</EMP_NAME>
<EMP_POST_NAME>Санитарка</EMP_POST_NAME>
<WORK_OFF>18</WORK_OFF>
</SPEC_ROW>
<SPEC_ROW>
<EMP_NAME>Бабина Нина Александровна</EMP_NAME>
<EMP_POST_NAME>Фельдшер-лаборант</EMP_POST_NAME>
<WORK_OFF>17</WORK_OFF>
</SPEC_ROW>
<SPEC_ROW>
<EMP_NAME>Полякова Наиля Раильевна</EMP_NAME>
<EMP_POST_NAME>Врач клинической лабораторной диагностики</EMP_POST_NAME>
<WORK_OFF>17</WORK_OFF>
</SPEC_ROW>
<SPEC_ROW>
<EMP_NAME>Степина Галина Петровна</EMP_NAME>
<EMP_POST_NAME>Лаборант</EMP_POST_NAME>
<WORK_OFF>18</WORK_OFF>
</SPEC_ROW>
<SPEC_ROW>
<EMP_NAME>Харабадзе Елена Васильевна</EMP_NAME>
<EMP_POST_NAME>Фельдшер-лаборант</EMP_POST_NAME>
<WORK_OFF>18</WORK_OFF>
</SPEC_ROW>
<SPEC_ROW>
<EMP_NAME>Алешкевич Елена Михайловна</EMP_NAME>
<EMP_POST_NAME>Медицинский регистратор</EMP_POST_NAME>
<WORK_OFF>55</WORK_OFF>
</SPEC_ROW>
</SPEC>
</ROW>
</ROWSET>
