<DATA><TimetableSpec><TIMETABLESPEC_ROW>
<EMP_NAME>Абакумова Любовь Васильевна</EMP_NAME>
<POST_NAME>Врач-невролог</POST_NAME>
<WAGE_RATE> 1.0</WAGE_RATE>
<D1>БЛ (5.6)</D1>
<D2>5.6</D2>
<D3>5.6</D3>
<D4>5.6</D4>
<D5/>
<D6/>
<D7>8.9</D7>
<D8/>
<D9/>
<D10/>
<D11>7.8</D11>
<D12>7.8</D12>
<D13>7.8</D13>
<D14>7.8</D14>
<D15>7.8</D15>
<D16/>
<D17/>
<D18>7.8</D18>
<D19>7.8</D19>
<D20>7.8</D20>
<D21>7.8</D21>
<D22>7.8</D22>
<D23/>
<D24/>
<D25>ОБ (7.8)</D25>
<D26>ОБ (7.8)</D26>
<D27>УЧ (7.8)</D27>
<D28>УЧ (7.8)</D28>
<D29>УЧ (7.8)</D29>
<D30>УЧ</D30>
<D31>УЧ</D31>
<DAYS_TOTAL>20</DAYS_TOTAL>
<HOURS_TOTAL>148.3</HOURS_TOTAL>
<HOURS_NIGHT/>
<HOURS_HAZARD_PREV/>
<HOURS_HAZARD_CUR/>
<HOURS_HOLIDAYS/>
<HOURS_EDU>23.4</HOURS_EDU>
</TIMETABLESPEC_ROW><TIMETABLESPEC_ROW>
<EMP_NAME>Бабенкова Ирина Викторовна</EMP_NAME>
<POST_NAME>Врач-невролог</POST_NAME>
<WAGE_RATE> 1.0</WAGE_RATE>
<D1>УБ (11)</D1>
<D2/>
<D3/>
<D4/>
<D5/>
<D6/>
<D7/>
<D8/>
<D9/>
<D10/>
<D11>7.8</D11>
<D12>7.8</D12>
<D13>7.8</D13>
<D14>7.8</D14>
<D15>7.8</D15>
<D16/>
<D17/>
<D18>7.8</D18>
<D19>7.8</D19>
<D20>7.8</D20>
<D21>7.8</D21>
<D22>7.8</D22>
<D23/>
<D24/>
<D25>7.8</D25>
<D26>7.8</D26>
<D27>7.8</D27>
<D28>7.8</D28>
<D29>7.8</D29>
<D30/>
<D31/>
<DAYS_TOTAL>16</DAYS_TOTAL>
<HOURS_TOTAL>128</HOURS_TOTAL>
<HOURS_NIGHT/>
<HOURS_HAZARD_PREV/>
<HOURS_HAZARD_CUR/>
<HOURS_HOLIDAYS/>
<HOURS_EDU>11</HOURS_EDU>
</TIMETABLESPEC_ROW><TIMETABLESPEC_ROW>
<EMP_NAME>Бажинова Надежда Николаевна</EMP_NAME>
<POST_NAME>Медицинская сестра</POST_NAME>
<WAGE_RATE> 1.0</WAGE_RATE>
<D1>5</D1>
<D2>6.5</D2>
<D3>9</D3>
<D4>4</D4>
<D5/>
<D6/>
<D7/>
<D8/>
<D9/>
<D10/>
<D11>7.8</D11>
<D12>7.8</D12>
<D13>7.8</D13>
<D14>7.8</D14>
<D15>7.8</D15>
<D16/>
<D17/>
<D18>7.8</D18>
<D19>7.8</D19>
<D20>7.8</D20>
<D21>7.8</D21>
<D22>7.8</D22>
<D23/>
<D24/>
<D25>7.8</D25>
<D26>7.8</D26>
<D27>7.8</D27>
<D28>7.8</D28>
<D29>7.8</D29>
<D30/>
<D31/>
<DAYS_TOTAL>19</DAYS_TOTAL>
<HOURS_TOTAL>141.5</HOURS_TOTAL>
<HOURS_NIGHT>24.5</HOURS_NIGHT>
<HOURS_HAZARD_PREV/>
<HOURS_HAZARD_CUR/>
<HOURS_HOLIDAYS/>
<HOURS_EDU/>
</TIMETABLESPEC_ROW><TIMETABLESPEC_ROW>
<EMP_NAME>Бажинова Надежда Николаевна</EMP_NAME>
<POST_NAME>Медицинская сестра</POST_NAME>
<WAGE_RATE> 0.5</WAGE_RATE>
<D1/>
<D2/>
<D3/>
<D4/>
<D5/>
<D6/>
<D7/>
<D8/>
<D9/>
<D10/>
<D11/>
<D12/>
<D13/>
<D14/>
<D15/>
<D16/>
<D17/>
<D18/>
<D19/>
<D20/>
<D21/>
<D22/>
<D23/>
<D24/>
<D25/>
<D26/>
<D27/>
<D28/>
<D29/>
<D30/>
<D31/>
<DAYS_TOTAL/>
<HOURS_TOTAL/>
<HOURS_NIGHT/>
<HOURS_HAZARD_PREV/>
<HOURS_HAZARD_CUR/>
<HOURS_HOLIDAYS/>
<HOURS_EDU/>
</TIMETABLESPEC_ROW><TIMETABLESPEC_ROW>
<EMP_NAME>Бальзамова Людмила Александровна</EMP_NAME>
<POST_NAME>Медицинская сестра</POST_NAME>
<WAGE_RATE> 1.0</WAGE_RATE>
<D1/>
<D2/>
<D3/>
<D4/>
<D5/>
<D6/>
<D7/>
<D8/>
<D9/>
<D10/>
<D11>7.8</D11>
<D12>7.8</D12>
<D13>7.8</D13>
<D14>7.8</D14>
<D15>7.8</D15>
<D16/>
<D17/>
<D18>7.8</D18>
<D19>7.8</D19>
<D20>7.8</D20>
<D21>7.8</D21>
<D22>7.8</D22>
<D23/>
<D24/>
<D25>7.8</D25>
<D26>7.8</D26>
<D27>7.8</D27>
<D28>7.8</D28>
<D29>7.8</D29>
<D30/>
<D31/>
<DAYS_TOTAL>15</DAYS_TOTAL>
<HOURS_TOTAL>117</HOURS_TOTAL>
<HOURS_NIGHT/>
<HOURS_HAZARD_PREV/>
<HOURS_HAZARD_CUR/>
<HOURS_HOLIDAYS/>
<HOURS_EDU/>
</TIMETABLESPEC_ROW><TIMETABLESPEC_ROW>
<EMP_NAME>Бальзамова Людмила Александровна</EMP_NAME>
<POST_NAME>Медицинская сестра</POST_NAME>
<WAGE_RATE> 0.5</WAGE_RATE>
<D1/>
<D2/>
<D3/>
<D4/>
<D5/>
<D6/>
<D7/>
<D8/>
<D9/>
<D10/>
<D11/>
<D12/>
<D13/>
<D14/>
<D15/>
<D16/>
<D17/>
<D18/>
<D19/>
<D20/>
<D21/>
<D22/>
<D23/>
<D24/>
<D25/>
<D26/>
<D27/>
<D28/>
<D29/>
<D30/>
<D31/>
<DAYS_TOTAL/>
<HOURS_TOTAL/>
<HOURS_NIGHT/>
<HOURS_HAZARD_PREV/>
<HOURS_HAZARD_CUR/>
<HOURS_HOLIDAYS/>
<HOURS_EDU/>
</TIMETABLESPEC_ROW><TIMETABLESPEC_ROW>
<EMP_NAME>Боровкова Светлана Борисовна</EMP_NAME>
<POST_NAME>Медицинская сестра</POST_NAME>
<WAGE_RATE> 1.0</WAGE_RATE>
<D1/>
<D2/>
<D3/>
<D4/>
<D5/>
<D6/>
<D7/>
<D8/>
<D9/>
<D10/>
<D11>7.8</D11>
<D12>7.8</D12>
<D13>7.8</D13>
<D14>7.8</D14>
<D15>7.8</D15>
<D16/>
<D17/>
<D18>7.8</D18>
<D19>7.8</D19>
<D20>7.8</D20>
<D21>7.8</D21>
<D22>7.8</D22>
<D23/>
<D24/>
<D25>7.8</D25>
<D26>7.8</D26>
<D27>7.8</D27>
<D28>7.8</D28>
<D29>7.8</D29>
<D30/>
<D31/>
<DAYS_TOTAL>15</DAYS_TOTAL>
<HOURS_TOTAL>117</HOURS_TOTAL>
<HOURS_NIGHT/>
<HOURS_HAZARD_PREV/>
<HOURS_HAZARD_CUR/>
<HOURS_HOLIDAYS/>
<HOURS_EDU/>
</TIMETABLESPEC_ROW><TIMETABLESPEC_ROW>
<EMP_NAME>Гуляева Елена Алексеевна</EMP_NAME>
<POST_NAME>Врач-невролог</POST_NAME>
<WAGE_RATE> 1.0</WAGE_RATE>
<D1/>
<D2/>
<D3/>
<D4/>
<D5/>
<D6/>
<D7/>
<D8/>
<D9/>
<D10/>
<D11>7.8</D11>
<D12>7.8</D12>
<D13>7.8</D13>
<D14>7.8</D14>
<D15>7.8</D15>
<D16/>
<D17/>
<D18>7.8</D18>
<D19>7.8</D19>
<D20>7.8</D20>
<D21>7.8</D21>
<D22>7.8</D22>
<D23/>
<D24/>
<D25>7.8</D25>
<D26>7.8</D26>
<D27>7.8</D27>
<D28>7.8</D28>
<D29>7.8</D29>
<D30/>
<D31/>
<DAYS_TOTAL>15</DAYS_TOTAL>
<HOURS_TOTAL>117</HOURS_TOTAL>
<HOURS_NIGHT/>
<HOURS_HAZARD_PREV/>
<HOURS_HAZARD_CUR/>
<HOURS_HOLIDAYS/>
<HOURS_EDU/>
</TIMETABLESPEC_ROW><TIMETABLESPEC_ROW>
<EMP_NAME>Долгополова Ольга Владимировна</EMP_NAME>
<POST_NAME>Медицинская сестра</POST_NAME>
<WAGE_RATE> 1.0</WAGE_RATE>
<D1/>
<D2/>
<D3/>
<D4/>
<D5/>
<D6/>
<D7/>
<D8/>
<D9/>
<D10/>
<D11>7.8</D11>
<D12>7.8</D12>
<D13>7.8</D13>
<D14>7.8</D14>
<D15>7.8</D15>
<D16/>
<D17/>
<D18>7.8</D18>
<D19>7.8</D19>
<D20>7.8</D20>
<D21>7.8</D21>
<D22>7.8</D22>
<D23/>
<D24/>
<D25>7.8</D25>
<D26>7.8</D26>
<D27>7.8</D27>
<D28>7.8</D28>
<D29>7.8</D29>
<D30/>
<D31/>
<DAYS_TOTAL>15</DAYS_TOTAL>
<HOURS_TOTAL>117</HOURS_TOTAL>
<HOURS_NIGHT/>
<HOURS_HAZARD_PREV/>
<HOURS_HAZARD_CUR/>
<HOURS_HOLIDAYS/>
<HOURS_EDU/>
</TIMETABLESPEC_ROW><TIMETABLESPEC_ROW>
<EMP_NAME>Дудина Татьяна Алексеевна</EMP_NAME>
<POST_NAME>Медицинская сестра</POST_NAME>
<WAGE_RATE> 1.0</WAGE_RATE>
<D1/>
<D2/>
<D3/>
<D4/>
<D5/>
<D6/>
<D7/>
<D8/>
<D9/>
<D10/>
<D11>7.8</D11>
<D12>7.8</D12>
<D13>7.8</D13>
<D14>7.8</D14>
<D15>7.8</D15>
<D16/>
<D17/>
<D18>7.8</D18>
<D19>7.8</D19>
<D20>7.8</D20>
<D21>7.8</D21>
<D22>7.8</D22>
<D23/>
<D24/>
<D25>7.8</D25>
<D26>7.8</D26>
<D27>7.8</D27>
<D28>7.8</D28>
<D29>7.8</D29>
<D30/>
<D31/>
<DAYS_TOTAL>15</DAYS_TOTAL>
<HOURS_TOTAL>117</HOURS_TOTAL>
<HOURS_NIGHT/>
<HOURS_HAZARD_PREV/>
<HOURS_HAZARD_CUR/>
<HOURS_HOLIDAYS/>
<HOURS_EDU/>
</TIMETABLESPEC_ROW><TIMETABLESPEC_ROW>
<EMP_NAME>Екатеринчева Галина Николаевна</EMP_NAME>
<POST_NAME>Медицинская сестра</POST_NAME>
<WAGE_RATE> 1.0</WAGE_RATE>
<D1/>
<D2/>
<D3/>
<D4/>
<D5/>
<D6/>
<D7/>
<D8/>
<D9/>
<D10/>
<D11>7.8</D11>
<D12>7.8</D12>
<D13>7.8</D13>
<D14>7.8</D14>
<D15>7.8</D15>
<D16/>
<D17/>
<D18>6.6</D18>
<D19>6.6</D19>
<D20>6.6</D20>
<D21>ДН (6.6)</D21>
<D22>ДН (6.6)</D22>
<D23>6</D23>
<D24/>
<D25>БЛ (7.8)</D25>
<D26>БЛ (7.8)</D26>
<D27>БЛ (7.8)</D27>
<D28>БЛ (7.8)</D28>
<D29>БЛ (7.8)</D29>
<D30>БЛ</D30>
<D31>БЛ</D31>
<DAYS_TOTAL>16</DAYS_TOTAL>
<HOURS_TOTAL>117</HOURS_TOTAL>
<HOURS_NIGHT/>
<HOURS_HAZARD_PREV/>
<HOURS_HAZARD_CUR/>
<HOURS_HOLIDAYS/>
<HOURS_EDU>13.2</HOURS_EDU>
</TIMETABLESPEC_ROW><TIMETABLESPEC_ROW>
<EMP_NAME>Зеленюк Оксана Николаевна</EMP_NAME>
<POST_NAME>Медицинская сестра</POST_NAME>
<WAGE_RATE> 1.0</WAGE_RATE>
<D1/>
<D2/>
<D3/>
<D4/>
<D5/>
<D6/>
<D7/>
<D8/>
<D9/>
<D10/>
<D11>7.8</D11>
<D12>7.8</D12>
<D13>БЛ (7.8)</D13>
<D14>БЛ (7.8)</D14>
<D15>БЛ (7.8)</D15>
<D16>БЛ</D16>
<D17>БЛ</D17>
<D18>БЛ (7.8)</D18>
<D19>БЛ (7.8)</D19>
<D20>БЛ (7.8)</D20>
<D21>БЛ (7.8)</D21>
<D22>БЛ (7.8)</D22>
<D23>БЛ</D23>
<D24>БЛ</D24>
<D25>БЛ (7.8)</D25>
<D26>БЛ (7.8)</D26>
<D27>БЛ (7.8)</D27>
<D28>7.8</D28>
<D29>7.8</D29>
<D30>БЛ</D30>
<D31>БЛ</D31>
<DAYS_TOTAL>15</DAYS_TOTAL>
<HOURS_TOTAL>117</HOURS_TOTAL>
<HOURS_NIGHT/>
<HOURS_HAZARD_PREV/>
<HOURS_HAZARD_CUR/>
<HOURS_HOLIDAYS/>
<HOURS_EDU/>
</TIMETABLESPEC_ROW><TIMETABLESPEC_ROW>
<EMP_NAME>Зеленюк Оксана Николаевна</EMP_NAME>
<POST_NAME>Медицинская сестра</POST_NAME>
<WAGE_RATE> 0.5</WAGE_RATE>
<D1/>
<D2/>
<D3/>
<D4/>
<D5/>
<D6/>
<D7/>
<D8/>
<D9/>
<D10/>
<D11/>
<D12/>
<D13/>
<D14/>
<D15/>
<D16/>
<D17/>
<D18/>
<D19/>
<D20/>
<D21/>
<D22/>
<D23/>
<D24/>
<D25/>
<D26/>
<D27/>
<D28/>
<D29/>
<D30/>
<D31/>
<DAYS_TOTAL/>
<HOURS_TOTAL/>
<HOURS_NIGHT/>
<HOURS_HAZARD_PREV/>
<HOURS_HAZARD_CUR/>
<HOURS_HOLIDAYS/>
<HOURS_EDU/>
</TIMETABLESPEC_ROW><TIMETABLESPEC_ROW>
<EMP_NAME>Крым Ирина Евгеньевна</EMP_NAME>
<POST_NAME>Медицинская сестра</POST_NAME>
<WAGE_RATE> 1.0</WAGE_RATE>
<D1/>
<D2/>
<D3/>
<D4/>
<D5/>
<D6/>
<D7/>
<D8/>
<D9/>
<D10/>
<D11>7.8</D11>
<D12>7.8</D12>
<D13>7.8</D13>
<D14>7.8</D14>
<D15>7.8</D15>
<D16/>
<D17/>
<D18>7.8</D18>
<D19>7.8</D19>
<D20>7.8</D20>
<D21>7.8</D21>
<D22>7.8</D22>
<D23/>
<D24/>
<D25>7.8</D25>
<D26>7.8</D26>
<D27>7.8</D27>
<D28>7.8</D28>
<D29>7.8</D29>
<D30/>
<D31/>
<DAYS_TOTAL>15</DAYS_TOTAL>
<HOURS_TOTAL>117</HOURS_TOTAL>
<HOURS_NIGHT/>
<HOURS_HAZARD_PREV/>
<HOURS_HAZARD_CUR/>
<HOURS_HOLIDAYS/>
<HOURS_EDU/>
</TIMETABLESPEC_ROW><TIMETABLESPEC_ROW>
<EMP_NAME>Крым Ирина Евгеньевна</EMP_NAME>
<POST_NAME>Медицинская сестра</POST_NAME>
<WAGE_RATE> 0.5</WAGE_RATE>
<D1/>
<D2/>
<D3/>
<D4/>
<D5/>
<D6/>
<D7/>
<D8/>
<D9/>
<D10/>
<D11/>
<D12/>
<D13/>
<D14/>
<D15/>
<D16/>
<D17/>
<D18/>
<D19/>
<D20/>
<D21/>
<D22/>
<D23/>
<D24/>
<D25/>
<D26/>
<D27/>
<D28/>
<D29/>
<D30/>
<D31/>
<DAYS_TOTAL/>
<HOURS_TOTAL/>
<HOURS_NIGHT/>
<HOURS_HAZARD_PREV/>
<HOURS_HAZARD_CUR/>
<HOURS_HOLIDAYS/>
<HOURS_EDU/>
</TIMETABLESPEC_ROW><TIMETABLESPEC_ROW>
<EMP_NAME>Москвина Марина Юрьевна</EMP_NAME>
<POST_NAME>Врач-невролог</POST_NAME>
<WAGE_RATE> 1.0</WAGE_RATE>
<D1/>
<D2/>
<D3/>
<D4/>
<D5/>
<D6/>
<D7/>
<D8/>
<D9/>
<D10/>
<D11>7.8</D11>
<D12>7.8</D12>
<D13>7.8</D13>
<D14>7.8</D14>
<D15>7.8</D15>
<D16/>
<D17/>
<D18>7.8</D18>
<D19>7.8</D19>
<D20>7.8</D20>
<D21>7.8</D21>
<D22>7.8</D22>
<D23/>
<D24/>
<D25>7.8</D25>
<D26>7.8</D26>
<D27>7.8</D27>
<D28>7.8</D28>
<D29>7.8</D29>
<D30/>
<D31/>
<DAYS_TOTAL>15</DAYS_TOTAL>
<HOURS_TOTAL>117</HOURS_TOTAL>
<HOURS_NIGHT/>
<HOURS_HAZARD_PREV/>
<HOURS_HAZARD_CUR/>
<HOURS_HOLIDAYS/>
<HOURS_EDU/>
</TIMETABLESPEC_ROW><TIMETABLESPEC_ROW>
<EMP_NAME>Мурашева Екатерина Михайловна</EMP_NAME>
<POST_NAME>Врач-невролог</POST_NAME>
<WAGE_RATE> 1.0</WAGE_RATE>
<D1/>
<D2/>
<D3/>
<D4/>
<D5/>
<D6/>
<D7/>
<D8/>
<D9/>
<D10/>
<D11>7.8</D11>
<D12>7.8</D12>
<D13>7.8</D13>
<D14>7.8</D14>
<D15>7.8</D15>
<D16/>
<D17/>
<D18>7.8</D18>
<D19>7.8</D19>
<D20>7.8</D20>
<D21>7.8</D21>
<D22>7.8</D22>
<D23/>
<D24/>
<D25>7.8</D25>
<D26>7.8</D26>
<D27>7.8</D27>
<D28>7.8</D28>
<D29>7.8</D29>
<D30/>
<D31/>
<DAYS_TOTAL>15</DAYS_TOTAL>
<HOURS_TOTAL>117</HOURS_TOTAL>
<HOURS_NIGHT/>
<HOURS_HAZARD_PREV/>
<HOURS_HAZARD_CUR/>
<HOURS_HOLIDAYS/>
<HOURS_EDU/>
</TIMETABLESPEC_ROW><TIMETABLESPEC_ROW>
<EMP_NAME>Мухетдинова Надеря Хайдяровна</EMP_NAME>
<POST_NAME>Старшая медицинская сестра</POST_NAME>
<WAGE_RATE> 1.0</WAGE_RATE>
<D1/>
<D2/>
<D3/>
<D4/>
<D5/>
<D6/>
<D7/>
<D8/>
<D9/>
<D10/>
<D11>7.8</D11>
<D12>7.8</D12>
<D13>7.8</D13>
<D14>7.8</D14>
<D15>7.8</D15>
<D16/>
<D17/>
<D18>7.8</D18>
<D19>7.8</D19>
<D20>7.8</D20>
<D21>7.8</D21>
<D22>7.8</D22>
<D23/>
<D24/>
<D25>7.8</D25>
<D26>7.8</D26>
<D27>7.8</D27>
<D28>7.8</D28>
<D29>7.8</D29>
<D30/>
<D31/>
<DAYS_TOTAL>15</DAYS_TOTAL>
<HOURS_TOTAL>117</HOURS_TOTAL>
<HOURS_NIGHT/>
<HOURS_HAZARD_PREV/>
<HOURS_HAZARD_CUR/>
<HOURS_HOLIDAYS/>
<HOURS_EDU/>
</TIMETABLESPEC_ROW><TIMETABLESPEC_ROW>
<EMP_NAME>Пономарева Татьяна Николаевна</EMP_NAME>
<POST_NAME>Врач-невролог</POST_NAME>
<WAGE_RATE> 1.0</WAGE_RATE>
<D1/>
<D2/>
<D3/>
<D4/>
<D5/>
<D6/>
<D7/>
<D8/>
<D9/>
<D10/>
<D11>7.8</D11>
<D12>7.8</D12>
<D13>7.8</D13>
<D14>7.8</D14>
<D15>7.8</D15>
<D16/>
<D17/>
<D18>7.8</D18>
<D19>7.8</D19>
<D20>7.8</D20>
<D21>7.8</D21>
<D22>7.8</D22>
<D23/>
<D24/>
<D25>7.8</D25>
<D26>7.8</D26>
<D27>7.8</D27>
<D28>7.8</D28>
<D29>7.8</D29>
<D30/>
<D31/>
<DAYS_TOTAL>15</DAYS_TOTAL>
<HOURS_TOTAL>117</HOURS_TOTAL>
<HOURS_NIGHT/>
<HOURS_HAZARD_PREV/>
<HOURS_HAZARD_CUR/>
<HOURS_HOLIDAYS/>
<HOURS_EDU/>
</TIMETABLESPEC_ROW><TIMETABLESPEC_ROW>
<EMP_NAME>Прокопчик Лариса Ивановна</EMP_NAME>
<POST_NAME>Медицинская сестра</POST_NAME>
<WAGE_RATE> 1.0</WAGE_RATE>
<D1>Р1</D1>
<D2>Р1</D2>
<D3>Р1</D3>
<D4>Р1</D4>
<D5>Р1</D5>
<D6>Р1</D6>
<D7>Р1</D7>
<D8>Р1</D8>
<D9>Р1</D9>
<D10>Р1</D10>
<D11>Р1 (7.8)</D11>
<D12>Р1 (7.8)</D12>
<D13>Р1 (7.8)</D13>
<D14>Р1 (7.8)</D14>
<D15>Р1 (7.8)</D15>
<D16>Р1</D16>
<D17>Р1</D17>
<D18>Р1 (7.8)</D18>
<D19>Р1 (7.8)</D19>
<D20>Р1 (7.8)</D20>
<D21>Р1 (7.8)</D21>
<D22>Р1 (7.8)</D22>
<D23>Р1</D23>
<D24>Р1</D24>
<D25>Р1 (7.8)</D25>
<D26>Р1 (7.8)</D26>
<D27>Р1 (7.8)</D27>
<D28>Р1 (7.8)</D28>
<D29>Р1 (7.8)</D29>
<D30>Р1</D30>
<D31>Р1</D31>
<DAYS_TOTAL>15</DAYS_TOTAL>
<HOURS_TOTAL>117</HOURS_TOTAL>
<HOURS_NIGHT/>
<HOURS_HAZARD_PREV/>
<HOURS_HAZARD_CUR/>
<HOURS_HOLIDAYS/>
<HOURS_EDU/>
</TIMETABLESPEC_ROW><TIMETABLESPEC_ROW>
<EMP_NAME>Пугачева Раиса Васильевна</EMP_NAME>
<POST_NAME>Врач-невролог</POST_NAME>
<WAGE_RATE> 1.0</WAGE_RATE>
<D1/>
<D2/>
<D3/>
<D4/>
<D5/>
<D6/>
<D7/>
<D8/>
<D9/>
<D10/>
<D11>7.8</D11>
<D12>7.8</D12>
<D13>7.8</D13>
<D14>7.8</D14>
<D15>7.8</D15>
<D16/>
<D17/>
<D18>7.8</D18>
<D19>7.8</D19>
<D20>7.8</D20>
<D21>7.8</D21>
<D22>7.8</D22>
<D23/>
<D24/>
<D25>7.8</D25>
<D26>7.8</D26>
<D27>7.8</D27>
<D28>7.8</D28>
<D29>7.8</D29>
<D30/>
<D31/>
<DAYS_TOTAL>15</DAYS_TOTAL>
<HOURS_TOTAL>117</HOURS_TOTAL>
<HOURS_NIGHT/>
<HOURS_HAZARD_PREV/>
<HOURS_HAZARD_CUR/>
<HOURS_HOLIDAYS/>
<HOURS_EDU/>
</TIMETABLESPEC_ROW><TIMETABLESPEC_ROW>
<EMP_NAME>Сафонова Наталья Александровна</EMP_NAME>
<POST_NAME>Врач-невролог</POST_NAME>
<WAGE_RATE> 1.0</WAGE_RATE>
<D1/>
<D2/>
<D3/>
<D4/>
<D5/>
<D6/>
<D7/>
<D8/>
<D9/>
<D10/>
<D11>7.8</D11>
<D12>7.8</D12>
<D13>7.8</D13>
<D14>7.8</D14>
<D15>7.8</D15>
<D16/>
<D17/>
<D18>БЛ (7.8)</D18>
<D19>БЛ (7.8)</D19>
<D20>БЛ (7.8)</D20>
<D21>БЛ (7.8)</D21>
<D22>БЛ (7.8)</D22>
<D23>БЛ</D23>
<D24>БЛ</D24>
<D25>БЛ (7.8)</D25>
<D26>БЛ (7.8)</D26>
<D27>БЛ (7.8)</D27>
<D28>БЛ (7.8)</D28>
<D29>БЛ (7.8)</D29>
<D30>БЛ</D30>
<D31/>
<DAYS_TOTAL>15</DAYS_TOTAL>
<HOURS_TOTAL>117</HOURS_TOTAL>
<HOURS_NIGHT/>
<HOURS_HAZARD_PREV/>
<HOURS_HAZARD_CUR/>
<HOURS_HOLIDAYS/>
<HOURS_EDU/>
</TIMETABLESPEC_ROW><TIMETABLESPEC_ROW>
<EMP_NAME>Сологубова Татьяна Сергеевна</EMP_NAME>
<POST_NAME>Врач-невролог</POST_NAME>
<WAGE_RATE> 1.0</WAGE_RATE>
<D1/>
<D2/>
<D3/>
<D4/>
<D5/>
<D6/>
<D7/>
<D8/>
<D9/>
<D10/>
<D11>7.8</D11>
<D12>БЛ (7.8)</D12>
<D13>БЛ (7.8)</D13>
<D14>БЛ (7.8)</D14>
<D15>7.8</D15>
<D16/>
<D17/>
<D18>7.8</D18>
<D19>7.8</D19>
<D20>7.8</D20>
<D21>7.8</D21>
<D22>7.8</D22>
<D23/>
<D24/>
<D25>7.8</D25>
<D26>7.8</D26>
<D27>7.8</D27>
<D28>7.8</D28>
<D29>7.8</D29>
<D30/>
<D31/>
<DAYS_TOTAL>15</DAYS_TOTAL>
<HOURS_TOTAL>117</HOURS_TOTAL>
<HOURS_NIGHT/>
<HOURS_HAZARD_PREV/>
<HOURS_HAZARD_CUR/>
<HOURS_HOLIDAYS/>
<HOURS_EDU/>
</TIMETABLESPEC_ROW><TIMETABLESPEC_ROW>
<EMP_NAME>Тушева Анна Ивановна</EMP_NAME>
<POST_NAME>Медицинская сестра</POST_NAME>
<WAGE_RATE> 1.0</WAGE_RATE>
<D1/>
<D2/>
<D3/>
<D4/>
<D5/>
<D6/>
<D7/>
<D8/>
<D9/>
<D10/>
<D11>7.8</D11>
<D12>7.8</D12>
<D13>7.8</D13>
<D14>7.8</D14>
<D15>7.8</D15>
<D16/>
<D17/>
<D18>7.8</D18>
<D19>7.8</D19>
<D20>7.8</D20>
<D21>7.8</D21>
<D22>7.8</D22>
<D23/>
<D24/>
<D25>7.8</D25>
<D26>7.8</D26>
<D27>7.8</D27>
<D28>7.8</D28>
<D29>7.8</D29>
<D30/>
<D31/>
<DAYS_TOTAL>15</DAYS_TOTAL>
<HOURS_TOTAL>117</HOURS_TOTAL>
<HOURS_NIGHT/>
<HOURS_HAZARD_PREV/>
<HOURS_HAZARD_CUR/>
<HOURS_HOLIDAYS/>
<HOURS_EDU/>
</TIMETABLESPEC_ROW><TIMETABLESPEC_ROW>
<EMP_NAME>Федина Галина Георгиевна</EMP_NAME>
<POST_NAME>Заведующий отделением, врач-невролог</POST_NAME>
<WAGE_RATE> 1.0</WAGE_RATE>
<D1/>
<D2/>
<D3/>
<D4/>
<D5/>
<D6/>
<D7/>
<D8/>
<D9/>
<D10/>
<D11>7.8</D11>
<D12>7.8</D12>
<D13>7.8</D13>
<D14>7.8</D14>
<D15>7.8</D15>
<D16/>
<D17/>
<D18>7.8</D18>
<D19>7.8</D19>
<D20>7.8</D20>
<D21>7.8</D21>
<D22>7.8</D22>
<D23/>
<D24/>
<D25>7.8</D25>
<D26>7.8</D26>
<D27>7.8</D27>
<D28>7.8</D28>
<D29>7.8</D29>
<D30/>
<D31/>
<DAYS_TOTAL>15</DAYS_TOTAL>
<HOURS_TOTAL>117</HOURS_TOTAL>
<HOURS_NIGHT/>
<HOURS_HAZARD_PREV/>
<HOURS_HAZARD_CUR/>
<HOURS_HOLIDAYS/>
<HOURS_EDU/>
</TIMETABLESPEC_ROW><TIMETABLESPEC_ROW>
<EMP_NAME>Хомякова Наталья Александровна</EMP_NAME>
<POST_NAME>Врач-невролог</POST_NAME>
<WAGE_RATE> 1.0</WAGE_RATE>
<D1/>
<D2/>
<D3/>
<D4/>
<D5/>
<D6/>
<D7/>
<D8/>
<D9/>
<D10/>
<D11>7.8</D11>
<D12>7.8</D12>
<D13>7.8</D13>
<D14>7.8</D14>
<D15>7.8</D15>
<D16/>
<D17/>
<D18>7.8</D18>
<D19>7.8</D19>
<D20>7.8</D20>
<D21>7.8</D21>
<D22>7.8</D22>
<D23/>
<D24/>
<D25>7.8</D25>
<D26>7.8</D26>
<D27>7.8</D27>
<D28>7.8</D28>
<D29>7.8</D29>
<D30/>
<D31/>
<DAYS_TOTAL>15</DAYS_TOTAL>
<HOURS_TOTAL>117</HOURS_TOTAL>
<HOURS_NIGHT/>
<HOURS_HAZARD_PREV/>
<HOURS_HAZARD_CUR/>
<HOURS_HOLIDAYS/>
<HOURS_EDU/>
</TIMETABLESPEC_ROW><TIMETABLESPEC_ROW>
<EMP_NAME>Хохлова Лидия Михайловна</EMP_NAME>
<POST_NAME>Врач-невролог</POST_NAME>
<WAGE_RATE> 1.0</WAGE_RATE>
<D1/>
<D2/>
<D3/>
<D4/>
<D5/>
<D6/>
<D7/>
<D8/>
<D9/>
<D10/>
<D11>7.8</D11>
<D12>7.8</D12>
<D13>7.8</D13>
<D14>7.8</D14>
<D15>7.8</D15>
<D16/>
<D17/>
<D18>7.8</D18>
<D19>7.8</D19>
<D20>7.8</D20>
<D21>7.8</D21>
<D22>7.8</D22>
<D23/>
<D24/>
<D25>7.8</D25>
<D26>7.8</D26>
<D27>7.8</D27>
<D28>7.8</D28>
<D29>7.8</D29>
<D30/>
<D31/>
<DAYS_TOTAL>15</DAYS_TOTAL>
<HOURS_TOTAL>117</HOURS_TOTAL>
<HOURS_NIGHT/>
<HOURS_HAZARD_PREV/>
<HOURS_HAZARD_CUR/>
<HOURS_HOLIDAYS/>
<HOURS_EDU/>
</TIMETABLESPEC_ROW><TIMETABLESPEC_ROW>
<EMP_NAME>Хромушкина Ольга Викторовна</EMP_NAME>
<POST_NAME>Медицинская сестра</POST_NAME>
<WAGE_RATE> 1.0</WAGE_RATE>
<D1/>
<D2/>
<D3/>
<D4/>
<D5/>
<D6/>
<D7/>
<D8/>
<D9/>
<D10/>
<D11>7.8</D11>
<D12>7.8</D12>
<D13>7.8</D13>
<D14>7.8</D14>
<D15>7.8</D15>
<D16/>
<D17/>
<D18>7.8</D18>
<D19>7.8</D19>
<D20>7.8</D20>
<D21>КС (7.8)</D21>
<D22>7.8</D22>
<D23/>
<D24/>
<D25>7.8</D25>
<D26>7.8</D26>
<D27>7.8</D27>
<D28>7.8</D28>
<D29>7.8</D29>
<D30/>
<D31/>
<DAYS_TOTAL>15</DAYS_TOTAL>
<HOURS_TOTAL>117</HOURS_TOTAL>
<HOURS_NIGHT/>
<HOURS_HAZARD_PREV/>
<HOURS_HAZARD_CUR/>
<HOURS_HOLIDAYS/>
<HOURS_EDU/>
</TIMETABLESPEC_ROW><TIMETABLESPEC_ROW>
<EMP_NAME>Якимова Людмила Ивановна</EMP_NAME>
<POST_NAME>Врач-невролог</POST_NAME>
<WAGE_RATE> 1.0</WAGE_RATE>
<D1/>
<D2/>
<D3/>
<D4/>
<D5/>
<D6/>
<D7/>
<D8/>
<D9/>
<D10/>
<D11>7.8</D11>
<D12>7.8</D12>
<D13>7.8</D13>
<D14>7.8</D14>
<D15>7.8</D15>
<D16/>
<D17/>
<D18>7.8</D18>
<D19>7.8</D19>
<D20>7.8</D20>
<D21>7.8</D21>
<D22>7.8</D22>
<D23/>
<D24/>
<D25>7.8</D25>
<D26>7.8</D26>
<D27>7.8</D27>
<D28>7.8</D28>
<D29>7.8</D29>
<D30/>
<D31/>
<DAYS_TOTAL>15</DAYS_TOTAL>
<HOURS_TOTAL>117</HOURS_TOTAL>
<HOURS_NIGHT/>
<HOURS_HAZARD_PREV/>
<HOURS_HAZARD_CUR/>
<HOURS_HOLIDAYS/>
<HOURS_EDU/>
</TIMETABLESPEC_ROW></TimetableSpec><DocData><DOCDATA_ROW>
<TABLE_MONTH>1</TABLE_MONTH>
<TABLE_MONTH_NAME>Январь</TABLE_MONTH_NAME>
<TABLE_YEAR>2010</TABLE_YEAR>
<TODAY>26.04.2010</TODAY>
<USER_FULLNAME>Administrator</USER_FULLNAME>
<COMPANY_NAME>ФГУ Поликлиника №3</COMPANY_NAME>
<DEPT_NAME>Неврологическое отделение</DEPT_NAME>
<PMN>Дек</PMN>
<CMN>Янв</CMN>
</DOCDATA_ROW></DocData><DaysTypes1><DAYSTYPES1_ROW>
<NAME>Неявки с разрешения администрации</NAME>
<CODE>А</CODE>
</DAYSTYPES1_ROW><DAYSTYPES1_ROW>
<NAME>Нетрудоспособность (болезнь, карантин и т.п.) ....</NAME>
<CODE>БЛ</CODE>
</DAYSTYPES1_ROW><DAYSTYPES1_ROW>
<NAME>Больничный по беременности и родам</NAME>
<CODE>БР</CODE>
</DAYSTYPES1_ROW><DAYSTYPES1_ROW>
<NAME>Донорские</NAME>
<CODE>ДН</CODE>
</DAYSTYPES1_ROW><DAYSTYPES1_ROW>
<NAME>Ежегодный доп. отпуск предусмотренный законом.....</NAME>
<CODE>ДО</CODE>
</DAYSTYPES1_ROW><DAYSTYPES1_ROW>
<NAME>Исполение обязанностей по другой должности</NAME>
<CODE>ИО</CODE>
</DAYSTYPES1_ROW><DAYSTYPES1_ROW>
<NAME>Командировка</NAME>
<CODE>КМ</CODE>
</DAYSTYPES1_ROW><DAYSTYPES1_ROW>
<NAME>Командировки служебные (рабочий день)</NAME>
<CODE>КС</CODE>
</DAYSTYPES1_ROW><DAYSTYPES1_ROW>
<NAME>Отпуск без сохранения заработной платы</NAME>
<CODE>ОБ</CODE>
</DAYSTYPES1_ROW><DAYSTYPES1_ROW>
<NAME>Отпуск в связи с родами ..........................</NAME>
<CODE>ОР</CODE>
</DAYSTYPES1_ROW><DAYSTYPES1_ROW>
<NAME>Очередные и дополнительные отпуска</NAME>
<CODE>ОТ</CODE>
</DAYSTYPES1_ROW><DAYSTYPES1_ROW>
<NAME>Учебный отпуск</NAME>
<CODE>ОУ</CODE>
</DAYSTYPES1_ROW><DAYSTYPES1_ROW>
<NAME>Праздничные дни</NAME>
<CODE>ПД</CODE>
</DAYSTYPES1_ROW><DAYSTYPES1_ROW>
<NAME>Простои</NAME>
<CODE>ПР</CODE>
</DAYSTYPES1_ROW></DaysTypes1><DaysTypes2><DAYSTYPES2_ROW>
<NAME>Частично оплач.отпуск,по уходу за ребенком до 1,5 лет</NAME>
<CODE>Р1</CODE>
</DAYSTYPES2_ROW><DAYSTYPES2_ROW>
<NAME>Отпуск без сохранения з/платы по уходу за ребенком до 3 лет</NAME>
<CODE>Р2</CODE>
</DAYSTYPES2_ROW><DAYSTYPES2_ROW>
<NAME>Свободный день аспиранта</NAME>
<CODE>СА</CODE>
</DAYSTYPES2_ROW><DAYSTYPES2_ROW>
<NAME>Учеба без отрыва</NAME>
<CODE>УБ</CODE>
</DAYSTYPES2_ROW><DAYSTYPES2_ROW>
<NAME>Учеба</NAME>
<CODE>УЧ</CODE>
</DAYSTYPES2_ROW><DAYSTYPES2_ROW>
<NAME>Еще не принят на работу (уволен)..................</NAME>
<CODE>х</CODE>
</DAYSTYPES2_ROW><DAYSTYPES2_ROW>
<NAME>Неотраб.часы по причине неполного рабочего дня</NAME>
<CODE>ч</CODE>
</DAYSTYPES2_ROW></DaysTypes2></DATA>