<DATA><Header><HEADER_ROW>
<NAME>Федеральное государственное бюджетное учреждение "Поликлиника № 3" Управления делами Президента Российской Федерации</NAME>
<MANAGER_NAME>Смирнов М.С.</MANAGER_NAME>
</HEADER_ROW></Header><Specs><SPECS_ROW>
<DEPT_CODE>585  Отдел информаци</DEPT_CODE>
<POST_NAME>Инженер</POST_NAME>
<EMP_NAME>Вайнштейн Лев Эмильевич</EMP_NAME>
<EMP_NO>854</EMP_NO>
<DAYS>
<DAYS_ROW>
<DAYS_AMOUNT>14 к/д</DAYS_AMOUNT>
</DAYS_ROW>
<DAYS_ROW>
<DAYS_AMOUNT>12 к/д</DAYS_AMOUNT>
</DAYS_ROW>
</DAYS>
<DATES>
<DATES_ROW>
<BEG_DATE>06.09.2012</BEG_DATE>
</DATES_ROW>
<DATES_ROW>
<BEG_DATE>10.03.2012</BEG_DATE>
</DATES_ROW>
</DATES>
</SPECS_ROW><SPECS_ROW>
<DEPT_CODE>585  Отдел информаци</DEPT_CODE>
<POST_NAME>Инженер</POST_NAME>
<EMP_NAME>Высотский Сергей Николаевич</EMP_NAME>
<EMP_NO>1270</EMP_NO>
<DAYS>
</DAYS>
<DATES>
</DATES>
</SPECS_ROW><SPECS_ROW>
<DEPT_CODE>585  Отдел информаци</DEPT_CODE>
<POST_NAME>Администратор по обеспечению безопасности информации</POST_NAME>
<EMP_NAME>Горшков Алексей Валентинович</EMP_NAME>
<EMP_NO>1964</EMP_NO>
<DAYS>
</DAYS>
<DATES>
</DATES>
</SPECS_ROW><SPECS_ROW>
<DEPT_CODE>585  Отдел информаци</DEPT_CODE>
<POST_NAME>Инженер</POST_NAME>
<EMP_NAME>Лобанов Михаил Юрьевич</EMP_NAME>
<EMP_NO>1709</EMP_NO>
<DAYS>
</DAYS>
<DATES>
</DATES>
</SPECS_ROW><SPECS_ROW>
<DEPT_CODE>585  Отдел информаци</DEPT_CODE>
<POST_NAME>Инженер</POST_NAME>
<EMP_NAME>Петров Александр Ильич</EMP_NAME>
<EMP_NO>855</EMP_NO>
<DAYS>
</DAYS>
<DATES>
</DATES>
</SPECS_ROW><SPECS_ROW>
<DEPT_CODE>585  Отдел информаци</DEPT_CODE>
<POST_NAME>Начальник отдела</POST_NAME>
<EMP_NAME>Смирнов Михаил Сергеевич</EMP_NAME>
<EMP_NO>439</EMP_NO>
<DAYS>
<DAYS_ROW>
<DAYS_AMOUNT>5 к/д</DAYS_AMOUNT>
</DAYS_ROW>
<DAYS_ROW>
<DAYS_AMOUNT>12 к/д</DAYS_AMOUNT>
</DAYS_ROW>
<DAYS_ROW>
<DAYS_AMOUNT>20 к/д</DAYS_AMOUNT>
</DAYS_ROW>
</DAYS>
<DATES>
<DATES_ROW>
<BEG_DATE>02.04.2012</BEG_DATE>
</DATES_ROW>
<DATES_ROW>
<BEG_DATE>15.02.2012</BEG_DATE>
</DATES_ROW>
<DATES_ROW>
<BEG_DATE>29.09.2012</BEG_DATE>
</DATES_ROW>
</DATES>
</SPECS_ROW><SPECS_ROW>
<DEPT_CODE>585  Отдел информаци</DEPT_CODE>
<POST_NAME>Системный администратор</POST_NAME>
<EMP_NAME>Судариков Виктор Викторович</EMP_NAME>
<EMP_NO>1537</EMP_NO>
<DAYS>
</DAYS>
<DATES>
</DATES>
</SPECS_ROW><SPECS_ROW>
<DEPT_CODE>585  Отдел информаци</DEPT_CODE>
<POST_NAME>Администратор баз данных</POST_NAME>
<EMP_NAME>Фомичев Кирилл Сергеевич</EMP_NAME>
<EMP_NO>1615</EMP_NO>
<DAYS>
</DAYS>
<DATES>
</DATES>
</SPECS_ROW><SPECS_ROW>
<DEPT_CODE>585  Отдел информаци</DEPT_CODE>
<POST_NAME>Системный администратор</POST_NAME>
<EMP_NAME>Шириков Александр Сергеевич</EMP_NAME>
<EMP_NO>1912</EMP_NO>
<DAYS>
</DAYS>
<DATES>
</DATES>
</SPECS_ROW><SPECS_ROW>
<DEPT_CODE>585  Отдел информаци</DEPT_CODE>
<POST_NAME>Инженер</POST_NAME>
<EMP_NAME>Ширшов Дмитрий Сергеевич</EMP_NAME>
<EMP_NO>1835</EMP_NO>
<DAYS>
</DAYS>
<DATES>
</DATES>
</SPECS_ROW></Specs></DATA>