<DATA><Timetable><TIMETABLE_ROW>
<ID>2.78409685744391027573581566104891849032E38</ID>
<DEPT_NAME>Неврологическое отделение</DEPT_NAME>
<TABLE_MONTH_NAME>Март</TABLE_MONTH_NAME>
<TABLE_YEAR>2010</TABLE_YEAR>
</TIMETABLE_ROW></Timetable><Specs><SPECS_ROW>
<ID>1.54781122845548577880011438654920231428E38</ID>
<TIMETABLE_ID>2.78409685744391027573581566104891849032E38</TIMETABLE_ID>
<NAME>Абакумова Любовь Васильевна</NAME>
<NAME>Врач-невролог</NAME>
<WAGE_RATE>1</WAGE_RATE>
<DIV_DAYS>
<DIV_DAYS_ROW>
<DAY_DATE>05.03.2010</DAY_DATE>
<PRS_DAY_TYPE/>
<TIMETABLE_DAY_TYPE>А</TIMETABLE_DAY_TYPE>
</DIV_DAYS_ROW>
<DIV_DAYS_ROW>
<DAY_DATE>06.03.2010</DAY_DATE>
<PRS_DAY_TYPE/>
<TIMETABLE_DAY_TYPE>ОР</TIMETABLE_DAY_TYPE>
</DIV_DAYS_ROW>
<DIV_DAYS_ROW>
<DAY_DATE>07.03.2010</DAY_DATE>
<PRS_DAY_TYPE/>
<TIMETABLE_DAY_TYPE>ДО</TIMETABLE_DAY_TYPE>
</DIV_DAYS_ROW>
<DIV_DAYS_ROW>
<DAY_DATE>08.03.2010</DAY_DATE>
<PRS_DAY_TYPE/>
<TIMETABLE_DAY_TYPE>УБ</TIMETABLE_DAY_TYPE>
</DIV_DAYS_ROW>
<DIV_DAYS_ROW>
<DAY_DATE>09.03.2010</DAY_DATE>
<PRS_DAY_TYPE/>
<TIMETABLE_DAY_TYPE>ОТ</TIMETABLE_DAY_TYPE>
</DIV_DAYS_ROW>
<DIV_DAYS_ROW>
<DAY_DATE>10.03.2010</DAY_DATE>
<PRS_DAY_TYPE/>
<TIMETABLE_DAY_TYPE>БЛ</TIMETABLE_DAY_TYPE>
</DIV_DAYS_ROW>
</DIV_DAYS>
<DIV_HOURS>
<DIV_HOURS_ROW>
<DAY_DATE>06.03.2010</DAY_DATE>
<PARUS_VALUE/>
<TIMETABLE_VALUE>В, 5</TIMETABLE_VALUE>
</DIV_HOURS_ROW>
</DIV_HOURS>
</SPECS_ROW><SPECS_ROW>
<ID>2.03032890373420006049667035311237905883E38</ID>
<TIMETABLE_ID>2.78409685744391027573581566104891849032E38</TIMETABLE_ID>
<NAME>Дудина Татьяна Алексеевна</NAME>
<NAME>Медицинская сестра</NAME>
<WAGE_RATE>1</WAGE_RATE>
<DIV_DAYS>
<DIV_DAYS_ROW>
<DAY_DATE>01.03.2010</DAY_DATE>
<PRS_DAY_TYPE/>
<TIMETABLE_DAY_TYPE>КС</TIMETABLE_DAY_TYPE>
</DIV_DAYS_ROW>
</DIV_DAYS>
<DIV_HOURS>
</DIV_HOURS>
</SPECS_ROW><SPECS_ROW>
<ID>2.87405845869610263596078009356338564084E38</ID>
<TIMETABLE_ID>2.78409685744391027573581566104891849032E38</TIMETABLE_ID>
<NAME>Бажинова Надежда Николаевна</NAME>
<NAME>Старшая медицинская сестра</NAME>
<WAGE_RATE>1</WAGE_RATE>
<DIV_DAYS>
<DIV_DAYS_ROW>
<DAY_DATE>01.03.2010</DAY_DATE>
<PRS_DAY_TYPE/>
<TIMETABLE_DAY_TYPE>А</TIMETABLE_DAY_TYPE>
</DIV_DAYS_ROW>
<DIV_DAYS_ROW>
<DAY_DATE>06.03.2010</DAY_DATE>
<PRS_DAY_TYPE/>
<TIMETABLE_DAY_TYPE>БР</TIMETABLE_DAY_TYPE>
</DIV_DAYS_ROW>
</DIV_DAYS>
<DIV_HOURS>
<DIV_HOURS_ROW>
<DAY_DATE>04.03.2010</DAY_DATE>
<PARUS_VALUE/>
<TIMETABLE_VALUE>ВН, 2</TIMETABLE_VALUE>
</DIV_HOURS_ROW>
<DIV_HOURS_ROW>
<DAY_DATE>06.03.2010</DAY_DATE>
<PARUS_VALUE/>
<TIMETABLE_VALUE>О, 8</TIMETABLE_VALUE>
</DIV_HOURS_ROW>
</DIV_HOURS>
</SPECS_ROW></Specs></DATA>