<DATA><ds2><DS2_ROW>
<RPT_MONTH>Январь</RPT_MONTH>
<RPT_YEAR>2013</RPT_YEAR>
<WORK_SUM>  515.0</WORK_SUM>
<CHARGE_SUM>       2,575.00</CHARGE_SUM>
</DS2_ROW></ds2><ds1><DS1_ROW>
<EMP_NAME>Алексеева Юлия Сергеевна</EMP_NAME>
<EMP_POST_NAME>Медицинская сестра участковая</EMP_POST_NAME>
<DEPT_NAME>Второе терапевтическое отделение</DEPT_NAME>
<WORK_OFF>  9.0</WORK_OFF>
<NORM>    5.00</NORM>
<CHARGE>          45.00</CHARGE>
</DS1_ROW><DS1_ROW>
<EMP_NAME>Алексеева Юлия Сергеевна</EMP_NAME>
<EMP_POST_NAME>Медицинская сестра участковая</EMP_POST_NAME>
<DEPT_NAME>Второе терапевтическое отделение</DEPT_NAME>
<WORK_OFF> 18.0</WORK_OFF>
<NORM>    5.00</NORM>
<CHARGE>          90.00</CHARGE>
</DS1_ROW><DS1_ROW>
<EMP_NAME>Артемьева Валентина Витальевна</EMP_NAME>
<EMP_POST_NAME>Медицинская сестра участковая</EMP_POST_NAME>
<DEPT_NAME>Второе терапевтическое отделение</DEPT_NAME>
<WORK_OFF>  9.0</WORK_OFF>
<NORM>    5.00</NORM>
<CHARGE>          45.00</CHARGE>
</DS1_ROW><DS1_ROW>
<EMP_NAME>Базанова Наталия Михайловна</EMP_NAME>
<EMP_POST_NAME>Врач-дерматовенеролог</EMP_POST_NAME>
<DEPT_NAME>Дерматовенерологическое отделение</DEPT_NAME>
<WORK_OFF> 11.0</WORK_OFF>
<NORM>    5.00</NORM>
<CHARGE>          55.00</CHARGE>
</DS1_ROW><DS1_ROW>
<EMP_NAME>Базанова Наталия Михайловна</EMP_NAME>
<EMP_POST_NAME>Врач-дерматовенеролог</EMP_POST_NAME>
<DEPT_NAME>Дерматовенерологическое отделение</DEPT_NAME>
<WORK_OFF> 17.0</WORK_OFF>
<NORM>    5.00</NORM>
<CHARGE>          85.00</CHARGE>
</DS1_ROW><DS1_ROW>
<EMP_NAME>Бормотова Надежда Алексеевна</EMP_NAME>
<EMP_POST_NAME>Медицинская сестра процедурной</EMP_POST_NAME>
<DEPT_NAME>Дерматовенерологическое отделение</DEPT_NAME>
<WORK_OFF> 17.0</WORK_OFF>
<NORM>    5.00</NORM>
<CHARGE>          85.00</CHARGE>
</DS1_ROW><DS1_ROW>
<EMP_NAME>Бугрина Людмила Ивановна</EMP_NAME>
<EMP_POST_NAME>Врач-терапевт участковый</EMP_POST_NAME>
<DEPT_NAME>Второе терапевтическое отделение</DEPT_NAME>
<WORK_OFF>  7.0</WORK_OFF>
<NORM>    5.00</NORM>
<CHARGE>          35.00</CHARGE>
</DS1_ROW><DS1_ROW>
<EMP_NAME>Бугрина Людмила Ивановна</EMP_NAME>
<EMP_POST_NAME>Врач-терапевт участковый</EMP_POST_NAME>
<DEPT_NAME>Второе терапевтическое отделение</DEPT_NAME>
<WORK_OFF> 14.0</WORK_OFF>
<NORM>    5.00</NORM>
<CHARGE>          70.00</CHARGE>
</DS1_ROW><DS1_ROW>
<EMP_NAME>Воронина Марина Георгиевна</EMP_NAME>
<EMP_POST_NAME>Медицинская сестра процедурной</EMP_POST_NAME>
<DEPT_NAME>Дерматовенерологическое отделение</DEPT_NAME>
<WORK_OFF>  0.0</WORK_OFF>
<NORM>    5.00</NORM>
<CHARGE>           0.00</CHARGE>
</DS1_ROW><DS1_ROW>
<EMP_NAME>Воротникова Татьяна Валерьевна</EMP_NAME>
<EMP_POST_NAME>Врач-дерматовенеролог</EMP_POST_NAME>
<DEPT_NAME>Дерматовенерологическое отделение</DEPT_NAME>
<WORK_OFF>  0.0</WORK_OFF>
<NORM>    5.00</NORM>
<CHARGE>           0.00</CHARGE>
</DS1_ROW><DS1_ROW>
<EMP_NAME>Дмитриева Надежда Викторовна</EMP_NAME>
<EMP_POST_NAME>Медицинская сестра процедурной</EMP_POST_NAME>
<DEPT_NAME>Дерматовенерологическое отделение</DEPT_NAME>
<WORK_OFF> 17.0</WORK_OFF>
<NORM>    5.00</NORM>
<CHARGE>          85.00</CHARGE>
</DS1_ROW><DS1_ROW>
<EMP_NAME>Евстигнеева Мария Александровна</EMP_NAME>
<EMP_POST_NAME>Медицинская сестра участковая</EMP_POST_NAME>
<DEPT_NAME>Второе терапевтическое отделение</DEPT_NAME>
<WORK_OFF> 18.0</WORK_OFF>
<NORM>    5.00</NORM>
<CHARGE>          90.00</CHARGE>
</DS1_ROW><DS1_ROW>
<EMP_NAME>Зимина Елена Вячеславовна</EMP_NAME>
<EMP_POST_NAME>Врач-терапевт участковый</EMP_POST_NAME>
<DEPT_NAME>Второе терапевтическое отделение</DEPT_NAME>
<WORK_OFF> 10.0</WORK_OFF>
<NORM>    5.00</NORM>
<CHARGE>          50.00</CHARGE>
</DS1_ROW><DS1_ROW>
<EMP_NAME>Иванова Ольга Владимировна</EMP_NAME>
<EMP_POST_NAME>Врач-дерматовенеролог</EMP_POST_NAME>
<DEPT_NAME>Дерматовенерологическое отделение</DEPT_NAME>
<WORK_OFF> 17.0</WORK_OFF>
<NORM>    5.00</NORM>
<CHARGE>          85.00</CHARGE>
</DS1_ROW><DS1_ROW>
<EMP_NAME>Козлова Вера Васильевна</EMP_NAME>
<EMP_POST_NAME>Старшая медицинская сестра</EMP_POST_NAME>
<DEPT_NAME>Второе терапевтическое отделение</DEPT_NAME>
<WORK_OFF> 18.0</WORK_OFF>
<NORM>    5.00</NORM>
<CHARGE>          90.00</CHARGE>
</DS1_ROW><DS1_ROW>
<EMP_NAME>Колмогорова Ирина Валерьевна</EMP_NAME>
<EMP_POST_NAME>Заведующий отделением, врач-дерматовенеролог</EMP_POST_NAME>
<DEPT_NAME>Дерматовенерологическое отделение</DEPT_NAME>
<WORK_OFF> 17.0</WORK_OFF>
<NORM>    5.00</NORM>
<CHARGE>          85.00</CHARGE>
</DS1_ROW><DS1_ROW>
<EMP_NAME>Кочубарова Наталья Николаевна</EMP_NAME>
<EMP_POST_NAME>Медицинская сестра процедурной</EMP_POST_NAME>
<DEPT_NAME>Дерматовенерологическое отделение</DEPT_NAME>
<WORK_OFF> 17.0</WORK_OFF>
<NORM>    5.00</NORM>
<CHARGE>          85.00</CHARGE>
</DS1_ROW><DS1_ROW>
<EMP_NAME>Мартынова Наталья Сергеевна</EMP_NAME>
<EMP_POST_NAME>Врач-терапевт участковый</EMP_POST_NAME>
<DEPT_NAME>Второе терапевтическое отделение</DEPT_NAME>
<WORK_OFF> 18.0</WORK_OFF>
<NORM>    5.00</NORM>
<CHARGE>          90.00</CHARGE>
</DS1_ROW><DS1_ROW>
<EMP_NAME>Мясникова Ирина Викторовна</EMP_NAME>
<EMP_POST_NAME>Старшая медицинская сестра</EMP_POST_NAME>
<DEPT_NAME>Дерматовенерологическое отделение</DEPT_NAME>
<WORK_OFF> 14.0</WORK_OFF>
<NORM>    5.00</NORM>
<CHARGE>          70.00</CHARGE>
</DS1_ROW><DS1_ROW>
<EMP_NAME>Папочкина Татьяна Павловна</EMP_NAME>
<EMP_POST_NAME>Медицинская сестра процедурной</EMP_POST_NAME>
<DEPT_NAME>Дерматовенерологическое отделение</DEPT_NAME>
<WORK_OFF> 17.0</WORK_OFF>
<NORM>    5.00</NORM>
<CHARGE>          85.00</CHARGE>
</DS1_ROW><DS1_ROW>
<EMP_NAME>Полуянова Наталья Валентиновна</EMP_NAME>
<EMP_POST_NAME>Заведующий отделением, врач-терапевт</EMP_POST_NAME>
<DEPT_NAME>Второе терапевтическое отделение</DEPT_NAME>
<WORK_OFF> 18.0</WORK_OFF>
<NORM>    5.00</NORM>
<CHARGE>          90.00</CHARGE>
</DS1_ROW><DS1_ROW>
<EMP_NAME>Пушкина Виктория Викторовна</EMP_NAME>
<EMP_POST_NAME>Медицинская сестра участковая</EMP_POST_NAME>
<DEPT_NAME>Второе терапевтическое отделение</DEPT_NAME>
<WORK_OFF> 18.0</WORK_OFF>
<NORM>    5.00</NORM>
<CHARGE>          90.00</CHARGE>
</DS1_ROW><DS1_ROW>
<EMP_NAME>Решетов Василий Владимирович</EMP_NAME>
<EMP_POST_NAME>Медицинская сестра участковая</EMP_POST_NAME>
<DEPT_NAME>Второе терапевтическое отделение</DEPT_NAME>
<WORK_OFF>  9.0</WORK_OFF>
<NORM>    5.00</NORM>
<CHARGE>          45.00</CHARGE>
</DS1_ROW><DS1_ROW>
<EMP_NAME>Саакян Сирануш Абеловна</EMP_NAME>
<EMP_POST_NAME>Врач-дерматовенеролог</EMP_POST_NAME>
<DEPT_NAME>Дерматовенерологическое отделение</DEPT_NAME>
<WORK_OFF> 17.0</WORK_OFF>
<NORM>    5.00</NORM>
<CHARGE>          85.00</CHARGE>
</DS1_ROW><DS1_ROW>
<EMP_NAME>Семенова Валентина Борисовна</EMP_NAME>
<EMP_POST_NAME>Врач-дерматовенеролог</EMP_POST_NAME>
<DEPT_NAME>Дерматовенерологическое отделение</DEPT_NAME>
<WORK_OFF> 14.0</WORK_OFF>
<NORM>    5.00</NORM>
<CHARGE>          70.00</CHARGE>
</DS1_ROW><DS1_ROW>
<EMP_NAME>Семина Наталья Анатольевна</EMP_NAME>
<EMP_POST_NAME>Старшая медицинская сестра</EMP_POST_NAME>
<DEPT_NAME>Дерматовенерологическое отделение</DEPT_NAME>
<WORK_OFF>  3.0</WORK_OFF>
<NORM>    5.00</NORM>
<CHARGE>          15.00</CHARGE>
</DS1_ROW><DS1_ROW>
<EMP_NAME>Смирнова Наталья Александровна</EMP_NAME>
<EMP_POST_NAME>Медицинская сестра участковая</EMP_POST_NAME>
<DEPT_NAME>Второе терапевтическое отделение</DEPT_NAME>
<WORK_OFF> 18.0</WORK_OFF>
<NORM>    5.00</NORM>
<CHARGE>          90.00</CHARGE>
</DS1_ROW><DS1_ROW>
<EMP_NAME>Смирнова Наталья Александровна</EMP_NAME>
<EMP_POST_NAME>Медицинская сестра участковая</EMP_POST_NAME>
<DEPT_NAME>Второе терапевтическое отделение</DEPT_NAME>
<WORK_OFF>  9.0</WORK_OFF>
<NORM>    5.00</NORM>
<CHARGE>          45.00</CHARGE>
</DS1_ROW><DS1_ROW>
<EMP_NAME>Соболева Елена Александровна</EMP_NAME>
<EMP_POST_NAME>Врач-терапевт участковый</EMP_POST_NAME>
<DEPT_NAME>Второе терапевтическое отделение</DEPT_NAME>
<WORK_OFF> 18.0</WORK_OFF>
<NORM>    5.00</NORM>
<CHARGE>          90.00</CHARGE>
</DS1_ROW><DS1_ROW>
<EMP_NAME>Соболева Елена Александровна</EMP_NAME>
<EMP_POST_NAME>Врач-терапевт участковый</EMP_POST_NAME>
<DEPT_NAME>Второе терапевтическое отделение</DEPT_NAME>
<WORK_OFF> 18.0</WORK_OFF>
<NORM>    5.00</NORM>
<CHARGE>          90.00</CHARGE>
</DS1_ROW><DS1_ROW>
<EMP_NAME>Сторожук Ирина Константиновна</EMP_NAME>
<EMP_POST_NAME>Врач-терапевт участковый</EMP_POST_NAME>
<DEPT_NAME>Второе терапевтическое отделение</DEPT_NAME>
<WORK_OFF> 10.0</WORK_OFF>
<NORM>    5.00</NORM>
<CHARGE>          50.00</CHARGE>
</DS1_ROW><DS1_ROW>
<EMP_NAME>Сухарева Татьяна Феликсовна</EMP_NAME>
<EMP_POST_NAME>Врач-терапевт участковый</EMP_POST_NAME>
<DEPT_NAME>Второе терапевтическое отделение</DEPT_NAME>
<WORK_OFF>  9.0</WORK_OFF>
<NORM>    5.00</NORM>
<CHARGE>          45.00</CHARGE>
</DS1_ROW><DS1_ROW>
<EMP_NAME>Сухарева Татьяна Феликсовна</EMP_NAME>
<EMP_POST_NAME>Врач-терапевт участковый</EMP_POST_NAME>
<DEPT_NAME>Второе терапевтическое отделение</DEPT_NAME>
<WORK_OFF>  9.0</WORK_OFF>
<NORM>    5.00</NORM>
<CHARGE>          45.00</CHARGE>
</DS1_ROW><DS1_ROW>
<EMP_NAME>Усачева Ольга Михайловна</EMP_NAME>
<EMP_POST_NAME>Медицинская сестра участковая</EMP_POST_NAME>
<DEPT_NAME>Второе терапевтическое отделение</DEPT_NAME>
<WORK_OFF> 12.0</WORK_OFF>
<NORM>    5.00</NORM>
<CHARGE>          60.00</CHARGE>
</DS1_ROW><DS1_ROW>
<EMP_NAME>Филязова Яна Юрьевна</EMP_NAME>
<EMP_POST_NAME>Врач-терапевт участковый</EMP_POST_NAME>
<DEPT_NAME>Второе терапевтическое отделение</DEPT_NAME>
<WORK_OFF> 14.0</WORK_OFF>
<NORM>    5.00</NORM>
<CHARGE>          70.00</CHARGE>
</DS1_ROW><DS1_ROW>
<EMP_NAME>Фролова Лариса Николаевна</EMP_NAME>
<EMP_POST_NAME>Медицинская сестра участковая</EMP_POST_NAME>
<DEPT_NAME>Второе терапевтическое отделение</DEPT_NAME>
<WORK_OFF> 18.0</WORK_OFF>
<NORM>    5.00</NORM>
<CHARGE>          90.00</CHARGE>
</DS1_ROW><DS1_ROW>
<EMP_NAME>Шафиуллина Эльвира Абдулбяровна</EMP_NAME>
<EMP_POST_NAME>Медицинская сестра участковая</EMP_POST_NAME>
<DEPT_NAME>Второе терапевтическое отделение</DEPT_NAME>
<WORK_OFF> 18.0</WORK_OFF>
<NORM>    5.00</NORM>
<CHARGE>          90.00</CHARGE>
</DS1_ROW><DS1_ROW>
<EMP_NAME>Якименко  Светлана Федоровна</EMP_NAME>
<EMP_POST_NAME>Врач-терапевт участковый</EMP_POST_NAME>
<DEPT_NAME>Второе терапевтическое отделение</DEPT_NAME>
<WORK_OFF> 18.0</WORK_OFF>
<NORM>    5.00</NORM>
<CHARGE>          90.00</CHARGE>
</DS1_ROW></ds1></DATA>